student_id,consume_time,amount,type
20210101001,2024-03-01 11:38:00,8.22,餐饮
20210101001,2024-03-01 18:15:00,3.67,其他
20210101001,2024-03-02 08:15:00,8.38,超市
20210101001,2024-03-02 07:43:00,6.72,餐饮
20210101001,2024-03-02 12:52:00,6.82,餐饮
20210101001,2024-03-03 08:37:00,6.69,餐饮
20210101001,2024-03-04 18:47:00,11.8,其他
20210101001,2024-03-04 11:28:00,23.72,餐饮
20210101001,2024-03-04 08:24:00,6.89,其他
20210101001,2024-03-05 18:45:00,17.33,餐饮
20210101001,2024-03-06 11:07:00,25.2,超市
20210101001,2024-03-06 12:03:00,18.5,餐饮
20210101001,2024-03-07 11:15:00,6.86,餐饮
20210101001,2024-03-07 17:04:00,8.94,餐饮
20210101001,2024-03-08 17:04:00,17.88,超市
20210101001,2024-03-09 12:38:00,6.86,超市
20210101001,2024-03-09 11:22:00,5.66,超市
20210101001,2024-03-10 11:41:00,4.92,超市
20210101001,2024-03-10 08:34:00,11.22,餐饮
20210101001,2024-03-11 11:51:00,19.52,餐饮
20210101001,2024-03-11 07:32:00,30.25,超市
20210101001,2024-03-12 12:38:00,24.9,餐饮
20210101001,2024-03-12 07:01:00,6.62,超市
20210101001,2024-03-13 07:34:00,3.6,超市
20210101001,2024-03-13 17:51:00,8.07,其他
20210101001,2024-03-13 18:06:00,23.86,餐饮
20210101001,2024-03-14 17:22:00,21.38,餐饮
20210101001,2024-03-14 18:15:00,14.05,餐饮
20210101001,2024-03-14 08:18:00,7.04,超市
20210101001,2024-03-15 17:54:00,10.75,其他
20210101001,2024-03-15 12:58:00,18.83,餐饮
20210101001,2024-03-15 18:23:00,14.88,餐饮
20210101001,2024-03-16 08:16:00,12.2,餐饮
20210101001,2024-03-16 17:59:00,13.31,餐饮
20210101001,2024-03-17 08:17:00,15.48,超市
20210101001,2024-03-17 12:49:00,6.55,餐饮
20210101001,2024-03-18 11:40:00,19.41,超市
20210101001,2024-03-18 18:31:00,18.97,餐饮
20210101001,2024-03-19 12:12:00,6.9,餐饮
20210101001,2024-03-19 17:13:00,20.0,餐饮
20210101001,2024-03-19 07:32:00,21.01,超市
20210101001,2024-03-20 08:10:00,22.1,餐饮
20210101001,2024-03-20 12:36:00,30.08,超市
20210101001,2024-03-20 12:37:00,6.16,其他
20210101001,2024-03-21 17:28:00,8.63,餐饮
20210101001,2024-03-21 17:00:00,18.98,餐饮
20210101001,2024-03-22 07:42:00,31.63,超市
20210101001,2024-03-22 07:01:00,10.08,餐饮
20210101001,2024-03-22 18:55:00,8.27,餐饮
20210101001,2024-03-23 08:14:00,22.47,超市
20210101001,2024-03-23 18:35:00,8.57,餐饮
20210101001,2024-03-24 11:26:00,20.18,餐饮
20210101001,2024-03-25 17:04:00,23.09,餐饮
20210101001,2024-03-25 12:48:00,8.74,其他
20210101001,2024-03-26 18:56:00,35.69,超市
20210101001,2024-03-27 07:19:00,19.76,餐饮
20210101001,2024-03-27 12:33:00,18.92,超市
20210101001,2024-03-27 07:59:00,10.6,超市
20210101001,2024-03-28 18:47:00,27.83,超市
20210101001,2024-03-29 17:34:00,18.71,餐饮
20210101001,2024-03-29 18:42:00,19.43,餐饮
20210101001,2024-03-30 08:52:00,18.96,超市
20210101002,2024-03-01 17:02:00,9.49,餐饮
20210101002,2024-03-02 11:48:00,18.97,餐饮
20210101002,2024-03-02 17:18:00,12.52,餐饮
20210101002,2024-03-02 07:31:00,10.24,餐饮
20210101002,2024-03-03 17:36:00,36.24,超市
20210101002,2024-03-03 17:54:00,21.52,餐饮
20210101002,2024-03-03 18:34:00,11.7,餐饮
20210101002,2024-03-04 11:20:00,4.18,超市
20210101002,2024-03-05 17:24:00,19.31,餐饮
20210101002,2024-03-05 08:15:00,4.89,其他
20210101002,2024-03-05 18:32:00,7.63,餐饮
20210101002,2024-03-06 11:29:00,8.9,其他
20210101002,2024-03-07 17:16:00,6.81,餐饮
20210101002,2024-03-07 17:55:00,10.65,超市
20210101002,2024-03-07 08:22:00,5.44,超市
20210101002,2024-03-08 08:23:00,28.99,超市
20210101002,2024-03-08 12:00:00,6.93,餐饮
20210101002,2024-03-08 07:30:00,30.77,超市
20210101002,2024-03-09 18:03:00,24.4,餐饮
20210101002,2024-03-09 17:30:00,22.93,餐饮
20210101002,2024-03-09 08:56:00,17.18,餐饮
20210101002,2024-03-10 12:42:00,20.36,餐饮
20210101002,2024-03-10 17:51:00,24.37,超市
20210101002,2024-03-10 08:41:00,11.01,餐饮
20210101002,2024-03-11 08:42:00,34.19,超市
20210101002,2024-03-12 18:41:00,14.43,其他
20210101002,2024-03-13 11:45:00,35.86,超市
20210101002,2024-03-13 12:53:00,18.26,超市
20210101002,2024-03-13 17:17:00,8.37,餐饮
20210101002,2024-03-14 12:02:00,22.2,超市
20210101002,2024-03-14 11:04:00,10.71,餐饮
20210101002,2024-03-14 08:48:00,23.87,餐饮
20210101002,2024-03-15 11:53:00,14.36,餐饮
20210101002,2024-03-16 17:50:00,9.97,餐饮
20210101002,2024-03-17 18:57:00,36.58,超市
20210101002,2024-03-18 18:29:00,19.5,超市
20210101002,2024-03-18 17:54:00,18.75,餐饮
20210101002,2024-03-18 18:06:00,15.17,餐饮
20210101002,2024-03-19 12:48:00,4.27,其他
20210101002,2024-03-20 07:34:00,8.4,餐饮
20210101002,2024-03-20 12:00:00,37.25,超市
20210101002,2024-03-20 17:43:00,3.16,超市
20210101002,2024-03-21 12:55:00,21.56,超市
20210101002,2024-03-22 12:59:00,24.62,超市
20210101002,2024-03-22 11:42:00,22.34,餐饮
20210101002,2024-03-22 08:30:00,17.53,餐饮
20210101002,2024-03-23 08:10:00,12.45,其他
20210101002,2024-03-23 11:45:00,17.76,餐饮
20210101002,2024-03-24 12:44:00,10.56,餐饮
20210101002,2024-03-25 07:28:00,7.05,餐饮
20210101002,2024-03-26 08:08:00,11.2,餐饮
20210101002,2024-03-26 07:16:00,13.66,其他
20210101002,2024-03-26 07:26:00,30.05,超市
20210101002,2024-03-27 17:46:00,7.51,其他
20210101002,2024-03-27 18:18:00,17.86,餐饮
20210101002,2024-03-28 08:04:00,21.34,餐饮
20210101002,2024-03-28 08:04:00,14.69,其他
20210101002,2024-03-29 12:13:00,22.19,超市
20210101002,2024-03-30 08:09:00,2.6,其他
20210101002,2024-03-30 18:13:00,5.43,超市
20210101003,2024-03-01 17:59:00,29.38,超市
20210101003,2024-03-01 12:34:00,14.27,餐饮
20210101003,2024-03-02 08:00:00,7.36,超市
20210101003,2024-03-02 07:59:00,8.8,餐饮
20210101003,2024-03-02 11:14:00,13.99,其他
20210101003,2024-03-03 11:10:00,31.01,超市
20210101003,2024-03-04 08:31:00,14.47,餐饮
20210101003,2024-03-04 12:11:00,15.1,餐饮
20210101003,2024-03-05 08:01:00,14.63,餐饮
20210101003,2024-03-06 18:16:00,14.25,餐饮
20210101003,2024-03-06 07:16:00,14.7,餐饮
20210101003,2024-03-07 12:35:00,14.71,超市
20210101003,2024-03-07 17:47:00,10.82,餐饮
20210101003,2024-03-07 11:14:00,15.89,超市
20210101003,2024-03-08 18:12:00,11.67,超市
20210101003,2024-03-08 18:31:00,8.68,其他
20210101003,2024-03-08 11:20:00,5.02,其他
20210101003,2024-03-09 07:38:00,9.45,餐饮
20210101003,2024-03-10 08:34:00,24.03,餐饮
20210101003,2024-03-10 11:51:00,20.15,餐饮
20210101003,2024-03-10 12:23:00,6.38,其他
20210101003,2024-03-11 17:58:00,23.37,超市
20210101003,2024-03-12 17:06:00,20.38,餐饮
20210101003,2024-03-12 17:35:00,34.12,超市
20210101003,2024-03-13 11:44:00,8.36,餐饮
20210101003,2024-03-13 08:59:00,14.98,餐饮
20210101003,2024-03-13 12:47:00,32.28,超市
20210101003,2024-03-14 11:05:00,9.69,餐饮
20210101003,2024-03-15 17:04:00,20.2,餐饮
20210101003,2024-03-15 17:27:00,17.45,餐饮
20210101003,2024-03-15 11:17:00,25.09,超市
20210101003,2024-03-16 11:51:00,11.68,其他
20210101003,2024-03-16 18:23:00,13.62,其他
20210101003,2024-03-16 18:06:00,38.08,超市
20210101003,2024-03-17 07:55:00,7.04,其他
20210101003,2024-03-18 11:28:00,13.51,餐饮
20210101003,2024-03-18 18:27:00,12.23,其他
20210101003,2024-03-18 08:56:00,12.23,餐饮
20210101003,2024-03-19 08:28:00,20.54,餐饮
20210101003,2024-03-19 11:09:00,6.58,餐饮
20210101003,2024-03-19 07:19:00,18.18,餐饮
20210101003,2024-03-20 08:44:00,14.5,餐饮
20210101003,2024-03-21 12:23:00,22.07,餐饮
20210101003,2024-03-21 12:25:00,4.4,超市
20210101003,2024-03-22 08:42:00,17.82,餐饮
20210101003,2024-03-23 11:13:00,7.25,餐饮
20210101003,2024-03-24 08:18:00,13.98,餐饮
20210101003,2024-03-24 18:24:00,9.7,餐饮
20210101003,2024-03-24 07:08:00,3.41,超市
20210101003,2024-03-25 08:06:00,17.82,餐饮
20210101003,2024-03-25 11:01:00,14.18,超市
20210101003,2024-03-26 12:19:00,26.11,超市
20210101003,2024-03-27 08:11:00,11.71,餐饮
20210101003,2024-03-27 11:08:00,17.42,餐饮
20210101003,2024-03-28 18:59:00,12.55,餐饮
20210101003,2024-03-29 08:45:00,10.86,超市
20210101003,2024-03-29 11:49:00,14.37,餐饮
20210101003,2024-03-29 07:05:00,5.25,其他
20210101003,2024-03-30 12:59:00,21.71,餐饮
20210101004,2024-03-01 12:46:00,15.73,餐饮
20210101004,2024-03-01 07:31:00,21.12,餐饮
20210101004,2024-03-02 12:53:00,7.97,其他
20210101004,2024-03-02 11:20:00,20.72,餐饮
20210101004,2024-03-03 18:05:00,12.37,餐饮
20210101004,2024-03-03 08:45:00,11.98,超市
20210101004,2024-03-04 11:01:00,23.06,餐饮
20210101004,2024-03-04 17:49:00,23.24,餐饮
20210101004,2024-03-04 07:42:00,4.88,其他
20210101004,2024-03-05 08:59:00,11.53,餐饮
20210101004,2024-03-06 07:39:00,10.12,其他
20210101004,2024-03-06 12:00:00,8.5,超市
20210101004,2024-03-06 11:42:00,12.12,餐饮
20210101004,2024-03-07 08:19:00,12.88,其他
20210101004,2024-03-07 08:27:00,14.39,餐饮
20210101004,2024-03-08 12:51:00,14.41,餐饮
20210101004,2024-03-09 17:23:00,20.81,超市
20210101004,2024-03-09 07:44:00,18.49,餐饮
20210101004,2024-03-10 08:52:00,14.91,超市
20210101004,2024-03-11 11:55:00,15.2,餐饮
20210101004,2024-03-11 18:53:00,22.24,餐饮
20210101004,2024-03-11 17:10:00,23.81,超市
20210101004,2024-03-12 11:50:00,14.28,餐饮
20210101004,2024-03-12 12:36:00,8.09,超市
20210101004,2024-03-13 08:35:00,6.47,餐饮
20210101004,2024-03-14 11:59:00,32.75,超市
20210101004,2024-03-14 12:52:00,11.45,餐饮
20210101004,2024-03-15 17:34:00,26.99,超市
20210101004,2024-03-16 08:13:00,37.07,超市
20210101004,2024-03-17 07:30:00,6.87,餐饮
20210101004,2024-03-17 07:26:00,19.18,餐饮
20210101004,2024-03-18 08:34:00,20.68,餐饮
20210101004,2024-03-19 07:44:00,10.23,餐饮
20210101004,2024-03-19 11:30:00,22.96,餐饮
20210101004,2024-03-19 18:45:00,14.48,餐饮
20210101004,2024-03-20 18:57:00,3.65,其他
20210101004,2024-03-21 11:18:00,20.92,超市
20210101004,2024-03-21 11:20:00,23.0,餐饮
20210101004,2024-03-21 12:59:00,8.66,餐饮
20210101004,2024-03-22 17:17:00,9.49,超市
20210101004,2024-03-22 11:45:00,20.59,餐饮
20210101004,2024-03-22 17:27:00,22.59,餐饮
20210101004,2024-03-23 17:28:00,35.94,超市
20210101004,2024-03-23 12:10:00,20.55,超市
20210101004,2024-03-24 18:26:00,19.2,餐饮
20210101004,2024-03-24 08:01:00,10.6,餐饮
20210101004,2024-03-24 11:19:00,23.76,餐饮
20210101004,2024-03-25 11:59:00,24.57,餐饮
20210101004,2024-03-25 18:13:00,18.85,餐饮
20210101004,2024-03-26 08:54:00,9.12,其他
20210101004,2024-03-26 17:43:00,12.77,超市
20210101004,2024-03-26 18:29:00,13.94,超市
20210101004,2024-03-27 18:55:00,21.59,餐饮
20210101004,2024-03-27 08:42:00,13.68,餐饮
20210101004,2024-03-27 07:06:00,27.44,超市
20210101004,2024-03-28 11:24:00,35.7,超市
20210101004,2024-03-29 12:39:00,15.6,餐饮
20210101004,2024-03-29 12:23:00,19.75,超市
20210101004,2024-03-30 08:02:00,22.76,餐饮
20210101004,2024-03-30 08:52:00,21.12,餐饮
20210101004,2024-03-30 12:32:00,6.64,超市
20210101005,2024-03-01 11:33:00,14.37,超市
20210101005,2024-03-01 08:25:00,10.25,其他
20210101005,2024-03-02 12:14:00,15.73,餐饮
20210101005,2024-03-03 12:38:00,6.67,餐饮
20210101005,2024-03-04 12:07:00,24.68,餐饮
20210101005,2024-03-05 11:24:00,24.63,超市
20210101005,2024-03-05 07:21:00,5.28,其他
20210101005,2024-03-06 18:40:00,33.16,超市
20210101005,2024-03-06 18:17:00,16.45,餐饮
20210101005,2024-03-06 12:38:00,22.49,超市
20210101005,2024-03-07 18:49:00,14.0,餐饮
20210101005,2024-03-08 18:28:00,31.43,超市
20210101005,2024-03-08 08:05:00,10.33,超市
20210101005,2024-03-08 12:58:00,22.65,餐饮
20210101005,2024-03-09 18:09:00,6.62,超市
20210101005,2024-03-09 07:25:00,9.66,餐饮
20210101005,2024-03-09 18:43:00,39.91,超市
20210101005,2024-03-10 08:42:00,14.88,餐饮
20210101005,2024-03-10 18:39:00,3.29,其他
20210101005,2024-03-10 11:25:00,22.87,超市
20210101005,2024-03-11 17:53:00,39.6,超市
20210101005,2024-03-12 18:42:00,23.55,餐饮
20210101005,2024-03-13 08:47:00,20.01,超市
20210101005,2024-03-13 11:11:00,7.75,餐饮
20210101005,2024-03-13 08:31:00,4.69,其他
20210101005,2024-03-14 11:45:00,7.75,餐饮
20210101005,2024-03-14 12:43:00,39.12,超市
20210101005,2024-03-14 12:08:00,13.56,其他
20210101005,2024-03-15 07:00:00,17.03,餐饮
20210101005,2024-03-15 11:32:00,7.4,餐饮
20210101005,2024-03-16 18:57:00,19.89,超市
20210101005,2024-03-17 08:33:00,21.18,餐饮
20210101005,2024-03-17 07:52:00,6.14,餐饮
20210101005,2024-03-17 12:32:00,6.47,餐饮
20210101005,2024-03-18 17:06:00,14.05,餐饮
20210101005,2024-03-18 18:18:00,4.37,其他
20210101005,2024-03-19 18:35:00,21.28,餐饮
20210101005,2024-03-20 11:50:00,12.5,餐饮
20210101005,2024-03-20 08:04:00,11.37,其他
20210101005,2024-03-20 07:27:00,18.15,餐饮
20210101005,2024-03-21 17:45:00,27.88,超市
20210101005,2024-03-22 07:24:00,21.19,餐饮
20210101005,2024-03-22 07:43:00,20.98,餐饮
20210101005,2024-03-23 18:22:00,6.12,餐饮
20210101005,2024-03-23 18:38:00,13.79,餐饮
20210101005,2024-03-23 17:27:00,21.14,超市
20210101005,2024-03-24 18:21:00,8.3,其他
20210101005,2024-03-24 17:11:00,23.04,餐饮
20210101005,2024-03-24 17:12:00,6.69,超市
20210101005,2024-03-25 11:16:00,19.49,餐饮
20210101005,2024-03-26 07:36:00,32.9,超市
20210101005,2024-03-26 18:12:00,12.42,其他
20210101005,2024-03-26 08:46:00,27.17,超市
20210101005,2024-03-27 07:35:00,10.72,其他
20210101005,2024-03-27 18:57:00,29.62,超市
20210101005,2024-03-27 11:39:00,8.36,超市
20210101005,2024-03-28 08:21:00,20.48,餐饮
20210101005,2024-03-28 18:20:00,33.12,超市
20210101005,2024-03-29 12:12:00,27.85,超市
20210101005,2024-03-29 12:07:00,24.18,超市
20210101005,2024-03-29 17:15:00,39.97,超市
20210101005,2024-03-30 18:49:00,11.23,其他
20210101006,2024-03-01 12:58:00,17.45,餐饮
20210101006,2024-03-01 11:27:00,11.54,其他
20210101006,2024-03-01 11:26:00,16.8,餐饮
20210101006,2024-03-02 12:02:00,12.21,其他
20210101006,2024-03-02 18:25:00,8.15,餐饮
20210101006,2024-03-02 11:20:00,24.98,餐饮
20210101006,2024-03-03 18:37:00,19.06,餐饮
20210101006,2024-03-03 07:37:00,8.32,餐饮
20210101006,2024-03-03 18:24:00,5.81,超市
20210101006,2024-03-04 07:10:00,35.27,超市
20210101006,2024-03-05 17:19:00,6.98,超市
20210101006,2024-03-05 12:18:00,16.61,餐饮
20210101006,2024-03-06 07:04:00,2.51,其他
20210101006,2024-03-06 17:38:00,31.17,超市
20210101006,2024-03-07 07:11:00,14.13,超市
20210101006,2024-03-08 08:05:00,7.3,超市
20210101006,2024-03-08 12:20:00,38.87,超市
20210101006,2024-03-09 12:02:00,23.57,餐饮
20210101006,2024-03-10 08:22:00,23.59,餐饮
20210101006,2024-03-10 12:27:00,34.64,超市
20210101006,2024-03-10 17:48:00,31.25,超市
20210101006,2024-03-11 18:16:00,8.66,餐饮
20210101006,2024-03-11 12:19:00,31.39,超市
20210101006,2024-03-12 17:07:00,13.54,其他
20210101006,2024-03-13 08:44:00,12.32,其他
20210101006,2024-03-14 07:23:00,9.57,餐饮
20210101006,2024-03-14 12:33:00,25.21,超市
20210101006,2024-03-14 17:43:00,5.86,超市
20210101006,2024-03-15 11:37:00,16.77,超市
20210101006,2024-03-16 11:39:00,11.87,超市
20210101006,2024-03-17 08:10:00,16.12,餐饮
20210101006,2024-03-18 17:31:00,39.17,超市
20210101006,2024-03-18 11:14:00,5.73,其他
20210101006,2024-03-18 12:53:00,15.69,餐饮
20210101006,2024-03-19 17:10:00,24.57,餐饮
20210101006,2024-03-19 12:21:00,8.65,餐饮
20210101006,2024-03-20 12:59:00,23.5,餐饮
20210101006,2024-03-21 17:37:00,31.56,超市
20210101006,2024-03-22 07:46:00,10.22,超市
20210101006,2024-03-22 11:19:00,37.7,超市
20210101006,2024-03-22 17:56:00,30.7,超市
20210101006,2024-03-23 12:17:00,39.39,超市
20210101006,2024-03-23 12:53:00,9.74,餐饮
20210101006,2024-03-24 12:57:00,7.17,餐饮
20210101006,2024-03-24 18:07:00,10.86,餐饮
20210101006,2024-03-25 17:41:00,12.19,餐饮
20210101006,2024-03-25 18:33:00,13.67,其他
20210101006,2024-03-25 18:40:00,9.63,超市
20210101006,2024-03-26 11:22:00,8.04,超市
20210101006,2024-03-27 08:10:00,19.68,餐饮
20210101006,2024-03-28 11:25:00,6.06,其他
20210101006,2024-03-28 11:27:00,10.8,餐饮
20210101006,2024-03-29 18:26:00,17.16,餐饮
20210101006,2024-03-29 08:21:00,22.87,超市
20210101006,2024-03-29 17:23:00,13.07,餐饮
20210101006,2024-03-30 18:42:00,27.08,超市
20210101006,2024-03-30 12:30:00,10.72,超市
20210101006,2024-03-30 18:01:00,11.95,餐饮
20210101007,2024-03-01 07:31:00,7.3,超市
20210101007,2024-03-02 17:44:00,10.45,其他
20210101007,2024-03-02 08:54:00,13.81,超市
20210101007,2024-03-03 18:38:00,19.65,餐饮
20210101007,2024-03-03 12:55:00,23.1,餐饮
20210101007,2024-03-03 12:23:00,14.77,其他
20210101007,2024-03-04 17:43:00,22.89,餐饮
20210101007,2024-03-04 08:44:00,23.64,餐饮
20210101007,2024-03-05 08:58:00,19.02,餐饮
20210101007,2024-03-05 07:10:00,24.59,餐饮
20210101007,2024-03-06 08:57:00,24.5,餐饮
20210101007,2024-03-07 17:30:00,35.06,超市
20210101007,2024-03-07 12:46:00,36.82,超市
20210101007,2024-03-07 12:49:00,10.07,超市
20210101007,2024-03-08 11:06:00,14.09,超市
20210101007,2024-03-09 18:19:00,8.7,餐饮
20210101007,2024-03-09 08:28:00,24.71,餐饮
20210101007,2024-03-10 18:11:00,19.51,餐饮
20210101007,2024-03-10 07:53:00,13.79,餐饮
20210101007,2024-03-11 07:09:00,8.16,餐饮
20210101007,2024-03-11 07:02:00,5.24,其他
20210101007,2024-03-12 11:32:00,7.63,餐饮
20210101007,2024-03-12 12:29:00,8.31,餐饮
20210101007,2024-03-12 17:34:00,18.93,餐饮
20210101007,2024-03-13 08:25:00,36.18,超市
20210101007,2024-03-13 18:00:00,21.39,餐饮
20210101007,2024-03-13 11:41:00,9.65,餐饮
20210101007,2024-03-14 07:22:00,39.03,超市
20210101007,2024-03-14 18:28:00,10.66,餐饮
20210101007,2024-03-15 07:50:00,10.9,其他
20210101007,2024-03-15 12:22:00,16.04,餐饮
20210101007,2024-03-16 11:21:00,39.9,超市
20210101007,2024-03-17 08:42:00,7.2,餐饮
20210101007,2024-03-17 12:55:00,16.1,餐饮
20210101007,2024-03-18 08:05:00,15.46,餐饮
20210101007,2024-03-19 12:52:00,13.57,餐饮
20210101007,2024-03-19 12:56:00,10.12,超市
20210101007,2024-03-20 17:45:00,24.35,餐饮
20210101007,2024-03-20 12:02:00,11.01,其他
20210101007,2024-03-20 17:01:00,20.78,餐饮
20210101007,2024-03-21 11:34:00,4.65,其他
20210101007,2024-03-22 11:23:00,24.3,餐饮
20210101007,2024-03-23 11:40:00,31.94,超市
20210101007,2024-03-24 07:25:00,39.88,超市
20210101007,2024-03-24 18:55:00,15.55,餐饮
20210101007,2024-03-25 12:01:00,7.21,餐饮
20210101007,2024-03-25 17:13:00,12.97,餐饮
20210101007,2024-03-25 11:15:00,20.87,餐饮
20210101007,2024-03-26 07:39:00,36.7,超市
20210101007,2024-03-26 17:29:00,7.1,超市
20210101007,2024-03-27 17:39:00,17.9,超市
20210101007,2024-03-27 17:21:00,12.29,超市
20210101007,2024-03-27 11:30:00,31.11,超市
20210101007,2024-03-28 08:12:00,15.73,餐饮
20210101007,2024-03-29 12:44:00,24.99,餐饮
20210101007,2024-03-29 17:05:00,18.3,餐饮
20210101007,2024-03-30 18:16:00,24.45,餐饮
20210101007,2024-03-30 07:11:00,20.81,超市
20210101008,2024-03-01 17:52:00,24.92,餐饮
20210101008,2024-03-01 17:15:00,17.26,超市
20210101008,2024-03-02 11:25:00,27.98,超市
20210101008,2024-03-03 11:01:00,10.57,餐饮
20210101008,2024-03-03 18:03:00,6.8,其他
20210101008,2024-03-04 08:00:00,16.74,餐饮
20210101008,2024-03-05 18:03:00,14.64,其他
20210101008,2024-03-05 17:34:00,18.31,餐饮
20210101008,2024-03-06 08:06:00,22.74,餐饮
20210101008,2024-03-06 08:24:00,11.67,餐饮
20210101008,2024-03-06 08:49:00,8.46,超市
20210101008,2024-03-07 17:22:00,10.1,超市
20210101008,2024-03-07 08:53:00,12.82,其他
20210101008,2024-03-07 08:52:00,14.75,餐饮
20210101008,2024-03-08 17:50:00,8.14,超市
20210101008,2024-03-08 08:13:00,22.53,餐饮
20210101008,2024-03-09 11:32:00,19.73,餐饮
20210101008,2024-03-09 17:35:00,15.88,超市
20210101008,2024-03-10 08:13:00,16.38,超市
20210101008,2024-03-10 11:15:00,15.74,餐饮
20210101008,2024-03-10 07:57:00,5.44,其他
20210101008,2024-03-11 18:20:00,24.73,超市
20210101008,2024-03-12 12:23:00,10.27,餐饮
20210101008,2024-03-12 11:57:00,29.81,超市
20210101008,2024-03-12 18:42:00,11.41,餐饮
20210101008,2024-03-13 17:51:00,29.58,超市
20210101008,2024-03-14 17:37:00,11.14,餐饮
20210101008,2024-03-14 18:53:00,13.63,餐饮
20210101008,2024-03-15 07:55:00,17.4,餐饮
20210101008,2024-03-15 12:05:00,35.6,超市
20210101008,2024-03-15 07:24:00,6.26,其他
20210101008,2024-03-16 08:19:00,18.44,餐饮
20210101008,2024-03-17 18:25:00,13.08,超市
20210101008,2024-03-17 08:05:00,9.98,餐饮
20210101008,2024-03-17 11:20:00,24.36,餐饮
20210101008,2024-03-18 11:07:00,7.18,餐饮
20210101008,2024-03-18 12:35:00,4.88,其他
20210101008,2024-03-19 12:21:00,9.36,餐饮
20210101008,2024-03-19 17:52:00,8.62,餐饮
20210101008,2024-03-20 07:10:00,14.63,餐饮
20210101008,2024-03-20 12:08:00,8.55,餐饮
20210101008,2024-03-21 17:59:00,25.31,超市
20210101008,2024-03-22 08:26:00,24.33,餐饮
20210101008,2024-03-22 08:25:00,2.9,其他
20210101008,2024-03-23 08:42:00,6.0,超市
20210101008,2024-03-23 08:09:00,11.07,餐饮
20210101008,2024-03-24 17:28:00,34.87,超市
20210101008,2024-03-24 07:17:00,10.51,餐饮
20210101008,2024-03-25 08:46:00,24.46,餐饮
20210101008,2024-03-25 17:59:00,39.38,超市
20210101008,2024-03-26 08:21:00,13.58,餐饮
20210101008,2024-03-26 08:14:00,6.59,餐饮
20210101008,2024-03-26 08:59:00,6.35,其他
20210101008,2024-03-27 08:03:00,5.19,其他
20210101008,2024-03-27 17:01:00,19.48,餐饮
20210101008,2024-03-28 18:42:00,10.98,餐饮
20210101008,2024-03-28 07:19:00,10.21,餐饮
20210101008,2024-03-29 08:45:00,7.64,其他
20210101008,2024-03-29 12:30:00,15.65,餐饮
20210101008,2024-03-29 07:18:00,34.62,超市
20210101008,2024-03-30 12:54:00,5.38,超市
20210101008,2024-03-30 12:27:00,17.49,超市
20210101008,2024-03-30 17:29:00,2.11,其他
20210101009,2024-03-01 18:54:00,11.61,超市
20210101009,2024-03-01 18:53:00,7.92,其他
20210101009,2024-03-02 07:09:00,16.23,餐饮
20210101009,2024-03-02 17:34:00,7.15,其他
20210101009,2024-03-03 17:27:00,22.23,餐饮
20210101009,2024-03-04 08:28:00,34.72,超市
20210101009,2024-03-04 12:52:00,3.39,其他
20210101009,2024-03-04 12:44:00,6.87,餐饮
20210101009,2024-03-05 17:24:00,11.9,餐饮
20210101009,2024-03-05 11:08:00,11.67,其他
20210101009,2024-03-05 17:47:00,9.57,其他
20210101009,2024-03-06 11:19:00,34.16,超市
20210101009,2024-03-06 12:39:00,23.75,餐饮
20210101009,2024-03-07 17:18:00,16.2,餐饮
20210101009,2024-03-07 17:26:00,22.62,餐饮
20210101009,2024-03-07 08:56:00,25.61,超市
20210101009,2024-03-08 08:51:00,9.68,其他
20210101009,2024-03-08 07:04:00,12.34,餐饮
20210101009,2024-03-09 12:57:00,4.73,超市
20210101009,2024-03-09 08:26:00,18.36,餐饮
20210101009,2024-03-10 11:43:00,23.44,餐饮
20210101009,2024-03-10 17:41:00,8.83,餐饮
20210101009,2024-03-10 18:06:00,3.2,其他
20210101009,2024-03-11 08:22:00,37.55,超市
20210101009,2024-03-11 18:37:00,9.48,餐饮
20210101009,2024-03-12 12:58:00,12.93,餐饮
20210101009,2024-03-13 07:18:00,7.86,餐饮
20210101009,2024-03-14 08:39:00,2.16,其他
20210101009,2024-03-15 08:12:00,28.13,超市
20210101009,2024-03-15 08:41:00,24.73,餐饮
20210101009,2024-03-16 18:11:00,23.09,餐饮
20210101009,2024-03-16 11:01:00,25.17,超市
20210101009,2024-03-17 12:20:00,39.81,超市
20210101009,2024-03-18 07:18:00,13.99,餐饮
20210101009,2024-03-19 08:35:00,22.52,餐饮
20210101009,2024-03-19 11:03:00,37.24,超市
20210101009,2024-03-20 07:45:00,7.89,其他
20210101009,2024-03-20 11:26:00,9.05,餐饮
20210101009,2024-03-20 18:41:00,20.55,餐饮
20210101009,2024-03-21 08:39:00,34.78,超市
20210101009,2024-03-22 07:48:00,15.47,超市
20210101009,2024-03-22 17:29:00,13.61,其他
20210101009,2024-03-22 11:51:00,24.02,餐饮
20210101009,2024-03-23 07:44:00,10.28,超市
20210101009,2024-03-23 08:23:00,10.17,餐饮
20210101009,2024-03-24 12:34:00,8.25,其他
20210101009,2024-03-24 11:39:00,4.25,其他
20210101009,2024-03-25 07:27:00,17.51,超市
20210101009,2024-03-25 07:48:00,21.53,超市
20210101009,2024-03-26 07:06:00,18.82,餐饮
20210101009,2024-03-27 08:13:00,31.75,超市
20210101009,2024-03-27 08:17:00,12.84,餐饮
20210101009,2024-03-27 07:19:00,29.7,超市
20210101009,2024-03-28 18:54:00,16.9,超市
20210101009,2024-03-28 17:23:00,24.26,餐饮
20210101009,2024-03-29 08:20:00,9.14,其他
20210101009,2024-03-29 17:40:00,8.2,其他
20210101009,2024-03-29 08:41:00,23.88,餐饮
20210101009,2024-03-30 17:43:00,24.51,餐饮
20210101010,2024-03-01 12:48:00,20.37,超市
20210101010,2024-03-02 18:54:00,14.21,其他
20210101010,2024-03-03 11:38:00,23.17,餐饮
20210101010,2024-03-03 08:30:00,23.57,餐饮
20210101010,2024-03-03 18:56:00,24.81,餐饮
20210101010,2024-03-04 07:38:00,11.96,超市
20210101010,2024-03-05 12:52:00,6.1,餐饮
20210101010,2024-03-05 11:52:00,18.7,餐饮
20210101010,2024-03-05 08:24:00,9.04,餐饮
20210101010,2024-03-06 12:34:00,9.42,餐饮
20210101010,2024-03-07 08:21:00,13.55,其他
20210101010,2024-03-08 07:17:00,16.43,餐饮
20210101010,2024-03-09 18:17:00,3.39,超市
20210101010,2024-03-09 17:24:00,9.01,超市
20210101010,2024-03-09 07:08:00,22.51,餐饮
20210101010,2024-03-10 07:13:00,3.65,超市
20210101010,2024-03-10 17:25:00,23.1,餐饮
20210101010,2024-03-10 12:55:00,21.81,餐饮
20210101010,2024-03-11 08:24:00,17.27,餐饮
20210101010,2024-03-11 18:06:00,14.79,餐饮
20210101010,2024-03-11 08:30:00,3.2,超市
20210101010,2024-03-12 08:47:00,13.07,餐饮
20210101010,2024-03-13 07:52:00,11.76,餐饮
20210101010,2024-03-14 08:02:00,10.02,餐饮
20210101010,2024-03-14 17:42:00,12.08,其他
20210101010,2024-03-15 18:08:00,5.46,超市
20210101010,2024-03-15 12:57:00,11.29,餐饮
20210101010,2024-03-16 08:06:00,16.56,餐饮
20210101010,2024-03-16 07:35:00,39.51,超市
20210101010,2024-03-17 07:54:00,21.88,餐饮
20210101010,2024-03-17 08:42:00,22.23,餐饮
20210101010,2024-03-17 18:53:00,24.95,超市
20210101010,2024-03-18 12:51:00,6.27,餐饮
20210101010,2024-03-18 17:55:00,20.6,餐饮
20210101010,2024-03-19 08:22:00,18.99,餐饮
20210101010,2024-03-19 17:42:00,23.59,超市
20210101010,2024-03-19 18:55:00,15.32,餐饮
20210101010,2024-03-20 12:50:00,10.93,其他
20210101010,2024-03-20 11:46:00,13.24,餐饮
20210101010,2024-03-21 11:03:00,15.38,餐饮
20210101010,2024-03-21 11:08:00,23.91,餐饮
20210101010,2024-03-21 12:28:00,23.55,餐饮
20210101010,2024-03-22 08:22:00,4.98,超市
20210101010,2024-03-23 17:31:00,8.96,餐饮
20210101010,2024-03-24 11:48:00,15.22,超市
20210101010,2024-03-24 12:21:00,15.43,超市
20210101010,2024-03-25 18:21:00,17.02,餐饮
20210101010,2024-03-25 07:59:00,9.95,餐饮
20210101010,2024-03-25 07:37:00,35.66,超市
20210101010,2024-03-26 07:31:00,17.48,餐饮
20210101010,2024-03-26 11:58:00,14.09,餐饮
20210101010,2024-03-27 18:16:00,12.63,餐饮
20210101010,2024-03-27 12:36:00,17.29,餐饮
20210101010,2024-03-28 11:59:00,17.7,餐饮
20210101010,2024-03-28 12:35:00,31.72,超市
20210101010,2024-03-28 07:12:00,22.97,餐饮
20210101010,2024-03-29 07:49:00,31.31,超市
20210101010,2024-03-29 11:25:00,22.22,餐饮
20210101010,2024-03-30 12:50:00,10.82,餐饮
20210101010,2024-03-30 18:59:00,2.71,其他
20210101010,2024-03-30 08:46:00,24.31,餐饮
20210101011,2024-03-01 07:55:00,19.06,超市
20210101011,2024-03-01 07:11:00,34.49,超市
20210101011,2024-03-01 12:17:00,38.3,超市
20210101011,2024-03-02 17:54:00,3.96,超市
20210101011,2024-03-03 18:29:00,13.47,其他
20210101011,2024-03-04 11:15:00,13.29,餐饮
20210101011,2024-03-04 11:07:00,21.3,餐饮
20210101011,2024-03-05 07:29:00,24.37,餐饮
20210101011,2024-03-06 18:04:00,11.78,餐饮
20210101011,2024-03-06 17:17:00,9.04,其他
20210101011,2024-03-06 12:26:00,24.28,餐饮
20210101011,2024-03-07 07:01:00,18.57,餐饮
20210101011,2024-03-08 11:15:00,12.93,其他
20210101011,2024-03-09 11:36:00,15.72,餐饮
20210101011,2024-03-10 18:44:00,7.47,其他
20210101011,2024-03-10 12:00:00,18.86,餐饮
20210101011,2024-03-11 12:48:00,29.25,超市
20210101011,2024-03-12 11:23:00,2.27,其他
20210101011,2024-03-12 07:48:00,18.68,餐饮
20210101011,2024-03-12 12:52:00,23.71,餐饮
20210101011,2024-03-13 08:32:00,29.37,超市
20210101011,2024-03-13 07:24:00,19.49,餐饮
20210101011,2024-03-13 12:00:00,20.58,餐饮
20210101011,2024-03-14 12:06:00,13.55,餐饮
20210101011,2024-03-14 11:40:00,19.42,超市
20210101011,2024-03-15 08:22:00,30.29,超市
20210101011,2024-03-15 11:12:00,20.91,超市
20210101011,2024-03-16 07:32:00,21.16,超市
20210101011,2024-03-16 11:42:00,23.52,超市
20210101011,2024-03-17 17:28:00,8.02,超市
20210101011,2024-03-18 17:19:00,30.69,超市
20210101011,2024-03-18 18:08:00,7.36,超市
20210101011,2024-03-19 07:35:00,9.94,餐饮
20210101011,2024-03-20 17:59:00,14.35,其他
20210101011,2024-03-20 08:04:00,20.29,餐饮
20210101011,2024-03-21 07:40:00,17.86,餐饮
20210101011,2024-03-21 12:35:00,17.42,餐饮
20210101011,2024-03-22 18:03:00,19.35,餐饮
20210101011,2024-03-22 08:01:00,24.3,餐饮
20210101011,2024-03-23 08:22:00,12.22,其他
20210101011,2024-03-23 17:24:00,9.67,超市
20210101011,2024-03-23 12:18:00,19.69,餐饮
20210101011,2024-03-24 18:16:00,13.88,超市
20210101011,2024-03-24 12:17:00,2.67,其他
20210101011,2024-03-25 17:34:00,8.22,餐饮
20210101011,2024-03-25 17:42:00,17.74,餐饮
20210101011,2024-03-25 12:26:00,38.85,超市
20210101011,2024-03-26 08:06:00,9.84,餐饮
20210101011,2024-03-26 18:54:00,13.71,餐饮
20210101011,2024-03-26 11:47:00,9.43,餐饮
20210101011,2024-03-27 11:20:00,6.38,超市
20210101011,2024-03-27 18:46:00,21.43,超市
20210101011,2024-03-28 12:50:00,16.53,餐饮
20210101011,2024-03-28 18:01:00,17.84,餐饮
20210101011,2024-03-28 07:56:00,7.96,其他
20210101011,2024-03-29 07:19:00,15.14,餐饮
20210101011,2024-03-30 08:21:00,23.55,超市
20210101012,2024-03-01 18:42:00,14.75,其他
20210101012,2024-03-02 07:45:00,8.65,餐饮
20210101012,2024-03-02 12:58:00,18.69,超市
20210101012,2024-03-02 11:05:00,24.52,餐饮
20210101012,2024-03-03 08:02:00,11.24,超市
20210101012,2024-03-03 12:10:00,10.76,其他
20210101012,2024-03-04 17:40:00,15.1,超市
20210101012,2024-03-04 07:58:00,13.71,其他
20210101012,2024-03-05 12:00:00,22.78,超市
20210101012,2024-03-05 07:08:00,23.87,餐饮
20210101012,2024-03-05 12:34:00,32.83,超市
20210101012,2024-03-06 08:24:00,12.26,餐饮
20210101012,2024-03-06 11:48:00,7.28,餐饮
20210101012,2024-03-07 12:45:00,12.07,餐饮
20210101012,2024-03-07 18:34:00,9.7,餐饮
20210101012,2024-03-08 11:46:00,11.9,餐饮
20210101012,2024-03-08 17:50:00,13.35,餐饮
20210101012,2024-03-09 11:44:00,24.02,餐饮
20210101012,2024-03-09 12:02:00,11.3,其他
20210101012,2024-03-10 11:41:00,19.61,餐饮
20210101012,2024-03-11 18:16:00,5.86,其他
20210101012,2024-03-11 18:30:00,16.9,餐饮
20210101012,2024-03-11 18:06:00,13.86,餐饮
20210101012,2024-03-12 12:47:00,13.74,超市
20210101012,2024-03-12 11:20:00,3.5,其他
20210101012,2024-03-13 12:54:00,21.87,餐饮
20210101012,2024-03-14 07:29:00,36.93,超市
20210101012,2024-03-15 11:48:00,2.25,其他
20210101012,2024-03-16 12:17:00,4.35,超市
20210101012,2024-03-16 08:10:00,4.97,其他
20210101012,2024-03-17 17:19:00,3.22,超市
20210101012,2024-03-17 08:40:00,15.23,超市
20210101012,2024-03-18 17:56:00,9.32,餐饮
20210101012,2024-03-18 17:40:00,15.48,餐饮
20210101012,2024-03-19 17:13:00,21.3,餐饮
20210101012,2024-03-19 17:19:00,11.58,餐饮
20210101012,2024-03-20 11:19:00,23.47,餐饮
20210101012,2024-03-21 11:57:00,14.15,餐饮
20210101012,2024-03-22 17:57:00,18.45,超市
20210101012,2024-03-23 18:02:00,9.83,餐饮
20210101012,2024-03-24 11:10:00,11.61,超市
20210101012,2024-03-24 12:26:00,15.91,餐饮
20210101012,2024-03-24 11:52:00,11.03,超市
20210101012,2024-03-25 17:43:00,23.59,餐饮
20210101012,2024-03-26 11:51:00,9.19,其他
20210101012,2024-03-26 18:47:00,18.7,餐饮
20210101012,2024-03-26 08:38:00,17.1,餐饮
20210101012,2024-03-27 17:30:00,12.5,餐饮
20210101012,2024-03-27 12:04:00,31.11,超市
20210101012,2024-03-28 12:28:00,24.41,餐饮
20210101012,2024-03-29 17:25:00,22.03,餐饮
20210101012,2024-03-29 17:58:00,12.8,餐饮
20210101012,2024-03-29 17:37:00,23.8,餐饮
20210101012,2024-03-30 17:30:00,2.2,其他
20210101012,2024-03-30 12:01:00,22.11,餐饮
20210101013,2024-03-01 17:50:00,15.35,餐饮
20210101013,2024-03-01 11:49:00,33.37,超市
20210101013,2024-03-02 17:46:00,11.45,餐饮
20210101013,2024-03-02 08:28:00,23.87,餐饮
20210101013,2024-03-02 08:20:00,7.89,其他
20210101013,2024-03-03 08:13:00,10.04,其他
20210101013,2024-03-03 12:21:00,28.4,超市
20210101013,2024-03-04 08:10:00,33.55,超市
20210101013,2024-03-05 11:37:00,24.93,餐饮
20210101013,2024-03-05 11:43:00,22.04,餐饮
20210101013,2024-03-05 18:44:00,23.16,餐饮
20210101013,2024-03-06 17:41:00,10.64,餐饮
20210101013,2024-03-07 18:45:00,11.48,超市
20210101013,2024-03-08 17:18:00,22.24,餐饮
20210101013,2024-03-08 17:26:00,9.18,餐饮
20210101013,2024-03-08 12:09:00,7.94,超市
20210101013,2024-03-09 11:09:00,22.4,超市
20210101013,2024-03-09 07:54:00,7.25,其他
20210101013,2024-03-10 11:43:00,11.81,餐饮
20210101013,2024-03-10 12:06:00,7.78,餐饮
20210101013,2024-03-10 07:18:00,20.36,超市
20210101013,2024-03-11 08:44:00,13.66,餐饮
20210101013,2024-03-12 07:50:00,11.42,餐饮
20210101013,2024-03-12 17:29:00,11.45,其他
20210101013,2024-03-13 11:32:00,26.31,超市
20210101013,2024-03-13 17:51:00,6.68,超市
20210101013,2024-03-13 07:01:00,23.31,超市
20210101013,2024-03-14 17:19:00,18.03,超市
20210101013,2024-03-14 17:43:00,6.34,餐饮
20210101013,2024-03-14 07:11:00,8.52,其他
20210101013,2024-03-15 17:58:00,35.16,超市
20210101013,2024-03-15 08:19:00,22.42,超市
20210101013,2024-03-16 11:43:00,11.0,超市
20210101013,2024-03-16 07:55:00,14.76,其他
20210101013,2024-03-17 12:33:00,27.09,超市
20210101013,2024-03-17 17:38:00,21.2,超市
20210101013,2024-03-18 18:03:00,20.7,餐饮
20210101013,2024-03-19 18:12:00,2.79,其他
20210101013,2024-03-20 18:59:00,10.56,其他
20210101013,2024-03-20 17:57:00,12.66,其他
20210101013,2024-03-20 17:52:00,13.36,餐饮
20210101013,2024-03-21 18:55:00,34.22,超市
20210101013,2024-03-22 18:17:00,4.71,超市
20210101013,2024-03-22 18:42:00,6.6,其他
20210101013,2024-03-22 17:49:00,19.84,餐饮
20210101013,2024-03-23 17:13:00,29.29,超市
20210101013,2024-03-23 17:39:00,7.45,其他
20210101013,2024-03-24 07:50:00,21.86,餐饮
20210101013,2024-03-25 08:20:00,11.8,餐饮
20210101013,2024-03-25 18:13:00,16.61,餐饮
20210101013,2024-03-25 18:44:00,4.21,其他
20210101013,2024-03-26 18:46:00,6.74,超市
20210101013,2024-03-27 17:52:00,10.59,餐饮
20210101013,2024-03-27 17:48:00,25.85,超市
20210101013,2024-03-28 07:15:00,18.9,餐饮
20210101013,2024-03-28 08:23:00,23.72,餐饮
20210101013,2024-03-29 12:25:00,4.67,其他
20210101013,2024-03-29 12:27:00,24.52,餐饮
20210101013,2024-03-30 18:44:00,37.53,超市
20210101013,2024-03-30 18:45:00,12.17,其他
20210101014,2024-03-01 11:54:00,22.81,餐饮
20210101014,2024-03-01 08:18:00,23.54,餐饮
20210101014,2024-03-02 08:26:00,15.05,餐饮
20210101014,2024-03-02 18:42:00,16.5,餐饮
20210101014,2024-03-03 17:15:00,11.43,餐饮
20210101014,2024-03-03 12:57:00,25.8,超市
20210101014,2024-03-04 08:25:00,14.07,其他
20210101014,2024-03-04 11:23:00,15.9,餐饮
20210101014,2024-03-05 08:23:00,30.37,超市
20210101014,2024-03-06 08:04:00,8.41,餐饮
20210101014,2024-03-07 17:51:00,13.62,餐饮
20210101014,2024-03-08 07:35:00,7.05,其他
20210101014,2024-03-09 17:35:00,17.42,餐饮
20210101014,2024-03-10 17:03:00,18.54,餐饮
20210101014,2024-03-11 07:49:00,18.64,餐饮
20210101014,2024-03-11 11:10:00,8.87,其他
20210101014,2024-03-11 08:29:00,8.76,餐饮
20210101014,2024-03-12 12:49:00,21.19,超市
20210101014,2024-03-13 17:21:00,11.11,超市
20210101014,2024-03-13 18:23:00,9.57,其他
20210101014,2024-03-13 12:02:00,22.63,餐饮
20210101014,2024-03-14 11:47:00,20.98,餐饮
20210101014,2024-03-14 18:02:00,6.94,其他
20210101014,2024-03-15 17:24:00,7.12,其他
20210101014,2024-03-15 12:32:00,12.77,餐饮
20210101014,2024-03-15 07:58:00,23.13,餐饮
20210101014,2024-03-16 07:09:00,17.6,超市
20210101014,2024-03-17 18:49:00,16.91,餐饮
20210101014,2024-03-17 12:31:00,17.25,餐饮
20210101014,2024-03-17 07:52:00,4.79,超市
20210101014,2024-03-18 07:27:00,25.39,超市
20210101014,2024-03-18 07:20:00,2.93,其他
20210101014,2024-03-18 07:05:00,15.93,餐饮
20210101014,2024-03-19 07:34:00,32.05,超市
20210101014,2024-03-19 18:04:00,11.59,其他
20210101014,2024-03-19 18:07:00,26.97,超市
20210101014,2024-03-20 18:53:00,4.0,其他
20210101014,2024-03-20 18:12:00,2.44,其他
20210101014,2024-03-20 12:23:00,18.52,餐饮
20210101014,2024-03-21 11:01:00,38.81,超市
20210101014,2024-03-22 12:41:00,15.92,超市
20210101014,2024-03-23 08:01:00,34.8,超市
20210101014,2024-03-24 18:22:00,17.23,餐饮
20210101014,2024-03-24 12:55:00,11.48,其他
20210101014,2024-03-24 11:59:00,5.21,超市
20210101014,2024-03-25 17:02:00,31.43,超市
20210101014,2024-03-26 17:13:00,8.66,餐饮
20210101014,2024-03-27 18:07:00,17.65,餐饮
20210101014,2024-03-27 07:10:00,14.49,餐饮
20210101014,2024-03-28 08:47:00,2.23,其他
20210101014,2024-03-28 17:55:00,17.25,餐饮
20210101014,2024-03-28 12:20:00,13.49,餐饮
20210101014,2024-03-29 11:54:00,6.32,餐饮
20210101014,2024-03-29 18:46:00,19.1,餐饮
20210101014,2024-03-29 11:29:00,16.87,餐饮
20210101014,2024-03-30 17:05:00,14.17,其他
20210101014,2024-03-30 18:13:00,2.43,其他
20210101014,2024-03-30 07:49:00,36.35,超市
20210101015,2024-03-01 11:45:00,24.45,超市
20210101015,2024-03-02 11:12:00,14.19,餐饮
20210101015,2024-03-03 07:10:00,12.29,其他
20210101015,2024-03-04 07:45:00,17.43,餐饮
20210101015,2024-03-04 12:48:00,10.12,餐饮
20210101015,2024-03-04 08:07:00,11.99,其他
20210101015,2024-03-05 11:34:00,5.07,其他
20210101015,2024-03-06 18:56:00,17.24,超市
20210101015,2024-03-07 08:45:00,23.96,超市
20210101015,2024-03-07 17:36:00,29.28,超市
20210101015,2024-03-08 12:52:00,13.9,餐饮
20210101015,2024-03-08 11:58:00,20.54,餐饮
20210101015,2024-03-09 07:06:00,19.35,餐饮
20210101015,2024-03-10 07:24:00,17.95,餐饮
20210101015,2024-03-10 08:29:00,23.09,餐饮
20210101015,2024-03-11 08:54:00,14.8,其他
20210101015,2024-03-11 17:21:00,17.97,餐饮
20210101015,2024-03-12 12:06:00,8.02,其他
20210101015,2024-03-13 08:42:00,14.54,其他
20210101015,2024-03-14 07:32:00,21.88,餐饮
20210101015,2024-03-15 17:58:00,25.44,超市
20210101015,2024-03-15 18:54:00,3.72,超市
20210101015,2024-03-16 07:43:00,21.31,餐饮
20210101015,2024-03-16 08:35:00,7.64,餐饮
20210101015,2024-03-17 07:31:00,10.56,其他
20210101015,2024-03-17 18:44:00,15.67,餐饮
20210101015,2024-03-18 11:02:00,12.78,餐饮
20210101015,2024-03-18 11:57:00,9.25,餐饮
20210101015,2024-03-19 08:59:00,5.66,超市
20210101015,2024-03-20 08:00:00,22.74,餐饮
20210101015,2024-03-20 17:13:00,8.92,超市
20210101015,2024-03-20 18:32:00,10.04,餐饮
20210101015,2024-03-21 17:57:00,28.96,超市
20210101015,2024-03-21 18:14:00,34.97,超市
20210101015,2024-03-21 07:53:00,13.21,超市
20210101015,2024-03-22 18:19:00,26.91,超市
20210101015,2024-03-22 18:49:00,17.18,超市
20210101015,2024-03-22 11:55:00,18.78,餐饮
20210101015,2024-03-23 17:54:00,5.45,其他
20210101015,2024-03-23 11:47:00,12.4,餐饮
20210101015,2024-03-23 17:22:00,7.32,餐饮
20210101015,2024-03-24 07:07:00,31.71,超市
20210101015,2024-03-24 17:34:00,13.04,餐饮
20210101015,2024-03-24 17:55:00,28.49,超市
20210101015,2024-03-25 08:56:00,4.46,超市
20210101015,2024-03-25 08:15:00,13.18,餐饮
20210101015,2024-03-26 07:11:00,34.85,超市
20210101015,2024-03-27 11:06:00,15.48,超市
20210101015,2024-03-27 08:18:00,6.33,餐饮
20210101015,2024-03-27 17:58:00,13.64,餐饮
20210101015,2024-03-28 12:18:00,25.7,超市
20210101015,2024-03-28 12:54:00,8.36,其他
20210101015,2024-03-28 12:08:00,6.88,餐饮
20210101015,2024-03-29 08:32:00,22.36,超市
20210101015,2024-03-29 18:19:00,14.01,餐饮
20210101015,2024-03-29 07:33:00,11.37,其他
20210101015,2024-03-30 12:14:00,24.54,超市
20210101015,2024-03-30 11:50:00,12.53,餐饮
20210101016,2024-03-01 12:37:00,16.66,超市
20210101016,2024-03-01 12:41:00,23.37,餐饮
20210101016,2024-03-02 12:56:00,8.71,餐饮
20210101016,2024-03-02 07:59:00,17.96,餐饮
20210101016,2024-03-02 07:43:00,8.46,餐饮
20210101016,2024-03-03 17:37:00,5.59,超市
20210101016,2024-03-03 17:16:00,12.02,餐饮
20210101016,2024-03-04 07:53:00,6.52,餐饮
20210101016,2024-03-05 18:19:00,15.63,超市
20210101016,2024-03-06 07:35:00,24.48,餐饮
20210101016,2024-03-06 17:48:00,14.75,餐饮
20210101016,2024-03-06 11:54:00,15.13,餐饮
20210101016,2024-03-07 12:11:00,11.13,餐饮
20210101016,2024-03-08 18:49:00,13.57,餐饮
20210101016,2024-03-08 07:18:00,6.31,餐饮
20210101016,2024-03-08 07:20:00,19.86,餐饮
20210101016,2024-03-09 07:44:00,7.36,超市
20210101016,2024-03-10 08:33:00,4.02,其他
20210101016,2024-03-11 17:10:00,18.57,超市
20210101016,2024-03-12 12:18:00,14.12,超市
20210101016,2024-03-12 17:59:00,14.95,餐饮
20210101016,2024-03-13 07:36:00,17.0,餐饮
20210101016,2024-03-14 11:40:00,14.18,餐饮
20210101016,2024-03-15 08:57:00,14.09,餐饮
20210101016,2024-03-15 18:29:00,25.91,超市
20210101016,2024-03-15 17:03:00,9.13,餐饮
20210101016,2024-03-16 11:57:00,8.23,餐饮
20210101016,2024-03-16 07:15:00,2.55,其他
20210101016,2024-03-16 18:04:00,10.58,餐饮
20210101016,2024-03-17 07:03:00,11.29,餐饮
20210101016,2024-03-18 18:20:00,17.7,餐饮
20210101016,2024-03-18 12:49:00,14.7,餐饮
20210101016,2024-03-18 12:59:00,3.13,其他
20210101016,2024-03-19 12:06:00,24.18,超市
20210101016,2024-03-20 17:55:00,25.37,超市
20210101016,2024-03-20 11:26:00,10.46,餐饮
20210101016,2024-03-20 12:29:00,9.52,其他
20210101016,2024-03-21 18:09:00,2.77,其他
20210101016,2024-03-21 08:02:00,5.14,其他
20210101016,2024-03-21 08:25:00,6.44,餐饮
20210101016,2024-03-22 07:25:00,14.92,餐饮
20210101016,2024-03-23 12:33:00,11.64,餐饮
20210101016,2024-03-23 18:23:00,17.84,餐饮
20210101016,2024-03-24 12:58:00,22.19,餐饮
20210101016,2024-03-24 08:38:00,21.05,超市
20210101016,2024-03-25 11:34:00,7.31,餐饮
20210101016,2024-03-25 11:37:00,28.87,超市
20210101016,2024-03-25 08:00:00,17.97,餐饮
20210101016,2024-03-26 11:35:00,15.63,餐饮
20210101016,2024-03-26 11:56:00,7.97,餐饮
20210101016,2024-03-26 17:06:00,12.45,餐饮
20210101016,2024-03-27 11:34:00,5.57,其他
20210101016,2024-03-27 07:28:00,6.91,餐饮
20210101016,2024-03-28 08:11:00,7.69,超市
20210101016,2024-03-28 08:59:00,19.0,餐饮
20210101016,2024-03-28 08:19:00,6.41,超市
20210101016,2024-03-29 07:21:00,17.15,餐饮
20210101016,2024-03-30 11:00:00,22.97,餐饮
20210101016,2024-03-30 11:42:00,7.29,超市
20210101016,2024-03-30 11:00:00,10.53,餐饮
20210101017,2024-03-01 11:04:00,16.08,餐饮
20210101017,2024-03-02 12:10:00,12.16,其他
20210101017,2024-03-02 18:57:00,12.87,餐饮
20210101017,2024-03-03 18:54:00,7.85,餐饮
20210101017,2024-03-03 11:22:00,13.06,餐饮
20210101017,2024-03-03 17:09:00,13.72,其他
20210101017,2024-03-04 08:28:00,3.66,其他
20210101017,2024-03-05 18:36:00,24.47,餐饮
20210101017,2024-03-06 07:45:00,12.48,超市
20210101017,2024-03-06 12:24:00,6.56,餐饮
20210101017,2024-03-06 18:33:00,12.12,餐饮
20210101017,2024-03-07 18:25:00,36.79,超市
20210101017,2024-03-07 17:50:00,19.04,餐饮
20210101017,2024-03-08 11:50:00,7.96,其他
20210101017,2024-03-08 11:14:00,13.69,餐饮
20210101017,2024-03-09 12:39:00,23.78,超市
20210101017,2024-03-09 11:07:00,6.81,餐饮
20210101017,2024-03-10 08:24:00,20.46,餐饮
20210101017,2024-03-11 12:11:00,22.44,餐饮
20210101017,2024-03-11 08:35:00,18.11,餐饮
20210101017,2024-03-12 08:02:00,6.21,其他
20210101017,2024-03-13 08:43:00,35.35,超市
20210101017,2024-03-13 08:00:00,12.94,餐饮
20210101017,2024-03-13 08:23:00,8.04,超市
20210101017,2024-03-14 08:25:00,31.38,超市
20210101017,2024-03-14 11:15:00,22.77,超市
20210101017,2024-03-15 12:23:00,19.11,超市
20210101017,2024-03-16 18:09:00,18.68,餐饮
20210101017,2024-03-16 12:35:00,11.23,餐饮
20210101017,2024-03-16 17:12:00,21.18,餐饮
20210101017,2024-03-17 17:41:00,3.81,其他
20210101017,2024-03-17 07:50:00,3.9,超市
20210101017,2024-03-18 12:56:00,19.7,餐饮
20210101017,2024-03-18 17:36:00,23.33,餐饮
20210101017,2024-03-18 11:41:00,15.67,超市
20210101017,2024-03-19 07:45:00,7.04,餐饮
20210101017,2024-03-20 17:11:00,7.79,餐饮
20210101017,2024-03-21 18:06:00,9.19,其他
20210101017,2024-03-21 12:19:00,2.14,其他
20210101017,2024-03-21 18:18:00,8.86,超市
20210101017,2024-03-22 08:14:00,20.84,餐饮
20210101017,2024-03-22 11:27:00,15.58,餐饮
20210101017,2024-03-23 17:00:00,9.56,其他
20210101017,2024-03-23 12:46:00,21.48,餐饮
20210101017,2024-03-24 17:50:00,13.48,其他
20210101017,2024-03-24 11:46:00,5.23,超市
20210101017,2024-03-24 07:04:00,23.18,餐饮
20210101017,2024-03-25 12:21:00,10.21,超市
20210101017,2024-03-25 12:53:00,9.76,超市
20210101017,2024-03-25 12:38:00,8.74,餐饮
20210101017,2024-03-26 08:59:00,4.26,其他
20210101017,2024-03-26 07:36:00,23.37,餐饮
20210101017,2024-03-27 17:55:00,16.92,餐饮
20210101017,2024-03-28 17:12:00,8.7,超市
20210101017,2024-03-28 18:39:00,2.77,其他
20210101017,2024-03-28 07:40:00,19.5,餐饮
20210101017,2024-03-29 18:49:00,8.82,其他
20210101017,2024-03-30 12:53:00,22.19,超市
20210101017,2024-03-30 07:36:00,19.48,餐饮
20210101017,2024-03-30 08:03:00,29.11,超市
20210101018,2024-03-01 18:00:00,10.98,餐饮
20210101018,2024-03-01 17:41:00,38.7,超市
20210101018,2024-03-02 12:56:00,9.95,其他
20210101018,2024-03-03 18:53:00,32.65,超市
20210101018,2024-03-03 08:16:00,20.48,餐饮
20210101018,2024-03-04 12:09:00,15.68,超市
20210101018,2024-03-04 08:15:00,9.94,餐饮
20210101018,2024-03-05 18:00:00,19.39,餐饮
20210101018,2024-03-05 07:48:00,11.18,其他
20210101018,2024-03-06 18:55:00,36.27,超市
20210101018,2024-03-07 07:21:00,34.26,超市
20210101018,2024-03-08 07:22:00,3.04,其他
20210101018,2024-03-09 18:53:00,9.67,其他
20210101018,2024-03-10 18:08:00,15.4,超市
20210101018,2024-03-11 07:50:00,24.62,餐饮
20210101018,2024-03-11 12:30:00,20.73,餐饮
20210101018,2024-03-12 18:15:00,38.06,超市
20210101018,2024-03-12 17:21:00,14.0,餐饮
20210101018,2024-03-13 07:27:00,5.27,其他
20210101018,2024-03-13 17:33:00,14.71,其他
20210101018,2024-03-13 17:21:00,39.17,超市
20210101018,2024-03-14 11:26:00,17.3,餐饮
20210101018,2024-03-14 18:04:00,16.4,超市
20210101018,2024-03-15 08:32:00,15.02,餐饮
20210101018,2024-03-15 11:32:00,8.83,餐饮
20210101018,2024-03-16 11:36:00,7.44,餐饮
20210101018,2024-03-16 07:33:00,12.7,超市
20210101018,2024-03-17 07:50:00,13.35,餐饮
20210101018,2024-03-18 17:31:00,15.59,餐饮
20210101018,2024-03-18 12:42:00,38.07,超市
20210101018,2024-03-19 12:22:00,16.59,超市
20210101018,2024-03-20 11:36:00,34.94,超市
20210101018,2024-03-21 12:02:00,25.92,超市
20210101018,2024-03-21 12:59:00,27.0,超市
20210101018,2024-03-21 18:57:00,12.94,超市
20210101018,2024-03-22 07:42:00,6.0,餐饮
20210101018,2024-03-22 17:20:00,22.49,餐饮
20210101018,2024-03-22 18:12:00,2.77,其他
20210101018,2024-03-23 11:28:00,17.02,餐饮
20210101018,2024-03-23 07:59:00,8.84,餐饮
20210101018,2024-03-24 17:45:00,14.53,其他
20210101018,2024-03-25 12:35:00,5.23,超市
20210101018,2024-03-25 18:32:00,10.83,超市
20210101018,2024-03-25 17:06:00,18.48,餐饮
20210101018,2024-03-26 11:53:00,10.2,餐饮
20210101018,2024-03-26 08:50:00,4.25,超市
20210101018,2024-03-26 18:12:00,17.31,超市
20210101018,2024-03-27 12:17:00,8.45,超市
20210101018,2024-03-28 08:09:00,12.81,餐饮
20210101018,2024-03-29 08:18:00,9.47,超市
20210101018,2024-03-30 11:47:00,20.68,餐饮
20210101019,2024-03-01 11:20:00,20.68,餐饮
20210101019,2024-03-02 07:32:00,17.71,餐饮
20210101019,2024-03-02 18:19:00,7.13,餐饮
20210101019,2024-03-03 11:39:00,7.5,其他
20210101019,2024-03-04 08:46:00,6.22,餐饮
20210101019,2024-03-04 18:14:00,5.52,其他
20210101019,2024-03-04 08:37:00,18.67,餐饮
20210101019,2024-03-05 11:27:00,11.4,餐饮
20210101019,2024-03-05 12:18:00,34.05,超市
20210101019,2024-03-06 12:36:00,13.64,餐饮
20210101019,2024-03-06 17:51:00,24.35,超市
20210101019,2024-03-06 07:45:00,4.7,其他
20210101019,2024-03-07 18:37:00,9.17,餐饮
20210101019,2024-03-08 11:07:00,18.87,餐饮
20210101019,2024-03-08 07:20:00,24.92,餐饮
20210101019,2024-03-09 17:32:00,11.1,餐饮
20210101019,2024-03-09 07:31:00,17.25,餐饮
20210101019,2024-03-09 18:15:00,12.8,超市
20210101019,2024-03-10 18:24:00,14.26,餐饮
20210101019,2024-03-11 18:42:00,22.39,餐饮
20210101019,2024-03-11 17:43:00,3.97,其他
20210101019,2024-03-11 07:46:00,23.93,超市
20210101019,2024-03-12 11:06:00,10.95,餐饮
20210101019,2024-03-12 18:31:00,14.18,餐饮
20210101019,2024-03-13 07:48:00,21.27,餐饮
20210101019,2024-03-13 11:23:00,29.51,超市
20210101019,2024-03-14 08:53:00,18.35,餐饮
20210101019,2024-03-14 12:07:00,24.3,餐饮
20210101019,2024-03-15 18:58:00,21.58,超市
20210101019,2024-03-15 07:20:00,9.83,其他
20210101019,2024-03-15 08:55:00,15.36,餐饮
20210101019,2024-03-16 08:45:00,16.0,餐饮
20210101019,2024-03-17 07:33:00,17.98,餐饮
20210101019,2024-03-17 11:41:00,19.19,超市
20210101019,2024-03-17 07:32:00,8.56,餐饮
20210101019,2024-03-18 11:53:00,3.94,其他
20210101019,2024-03-19 11:30:00,6.45,餐饮
20210101019,2024-03-19 12:35:00,39.63,超市
20210101019,2024-03-20 12:29:00,13.5,餐饮
20210101019,2024-03-20 17:21:00,14.27,餐饮
20210101019,2024-03-21 18:29:00,16.94,超市
20210101019,2024-03-22 17:40:00,21.33,餐饮
20210101019,2024-03-22 07:03:00,5.67,其他
20210101019,2024-03-22 07:07:00,36.24,超市
20210101019,2024-03-23 12:12:00,19.79,超市
20210101019,2024-03-23 08:23:00,36.38,超市
20210101019,2024-03-23 11:31:00,20.1,超市
20210101019,2024-03-24 12:04:00,16.31,餐饮
20210101019,2024-03-25 11:28:00,13.4,餐饮
20210101019,2024-03-25 17:52:00,14.51,其他
20210101019,2024-03-26 12:24:00,14.82,餐饮
20210101019,2024-03-27 11:41:00,36.4,超市
20210101019,2024-03-27 07:47:00,11.76,餐饮
20210101019,2024-03-27 08:06:00,6.49,餐饮
20210101019,2024-03-28 07:24:00,6.26,超市
20210101019,2024-03-29 11:47:00,14.44,餐饮
20210101019,2024-03-30 12:30:00,13.05,超市
20210101020,2024-03-01 07:08:00,13.2,超市
20210101020,2024-03-01 11:37:00,28.24,超市
20210101020,2024-03-02 07:27:00,16.02,餐饮
20210101020,2024-03-03 17:05:00,18.61,超市
20210101020,2024-03-03 11:38:00,8.79,其他
20210101020,2024-03-03 12:55:00,28.59,超市
20210101020,2024-03-04 12:10:00,2.74,其他
20210101020,2024-03-05 11:22:00,12.38,餐饮
20210101020,2024-03-05 18:12:00,13.72,其他
20210101020,2024-03-06 12:33:00,13.89,其他
20210101020,2024-03-06 12:26:00,22.03,餐饮
20210101020,2024-03-06 18:40:00,27.02,超市
20210101020,2024-03-07 07:49:00,23.73,超市
20210101020,2024-03-07 17:27:00,3.38,其他
20210101020,2024-03-07 11:22:00,21.23,超市
20210101020,2024-03-08 11:28:00,18.32,餐饮
20210101020,2024-03-08 18:57:00,7.34,餐饮
20210101020,2024-03-08 11:46:00,9.52,其他
20210101020,2024-03-09 11:14:00,30.63,超市
20210101020,2024-03-09 07:11:00,11.13,餐饮
20210101020,2024-03-09 07:05:00,11.0,餐饮
20210101020,2024-03-10 17:28:00,15.48,餐饮
20210101020,2024-03-10 11:15:00,6.54,餐饮
20210101020,2024-03-10 07:45:00,13.99,其他
20210101020,2024-03-11 18:32:00,11.19,其他
20210101020,2024-03-11 18:40:00,18.17,餐饮
20210101020,2024-03-11 07:21:00,7.14,餐饮
20210101020,2024-03-12 07:00:00,21.22,餐饮
20210101020,2024-03-12 18:25:00,29.79,超市
20210101020,2024-03-12 08:52:00,20.2,餐饮
20210101020,2024-03-13 17:58:00,6.86,其他
20210101020,2024-03-14 18:03:00,30.94,超市
20210101020,2024-03-14 07:58:00,33.45,超市
20210101020,2024-03-15 12:00:00,16.45,餐饮
20210101020,2024-03-15 11:25:00,11.24,餐饮
20210101020,2024-03-15 08:07:00,4.36,超市
20210101020,2024-03-16 08:26:00,11.81,餐饮
20210101020,2024-03-16 08:39:00,14.86,餐饮
20210101020,2024-03-16 08:32:00,32.91,超市
20210101020,2024-03-17 08:25:00,4.13,超市
20210101020,2024-03-17 07:12:00,16.9,餐饮
20210101020,2024-03-17 08:20:00,15.19,超市
20210101020,2024-03-18 12:07:00,10.34,餐饮
20210101020,2024-03-18 07:37:00,17.94,餐饮
20210101020,2024-03-19 07:14:00,13.04,其他
20210101020,2024-03-19 12:07:00,6.49,超市
20210101020,2024-03-20 17:44:00,17.39,超市
20210101020,2024-03-20 12:20:00,24.78,餐饮
20210101020,2024-03-21 17:28:00,5.11,其他
20210101020,2024-03-21 17:06:00,24.11,超市
20210101020,2024-03-22 08:00:00,6.96,餐饮
20210101020,2024-03-22 11:08:00,24.03,餐饮
20210101020,2024-03-22 17:07:00,14.11,餐饮
20210101020,2024-03-23 18:48:00,19.05,超市
20210101020,2024-03-24 18:48:00,15.28,餐饮
20210101020,2024-03-24 07:57:00,8.72,超市
20210101020,2024-03-25 18:35:00,22.48,餐饮
20210101020,2024-03-26 12:54:00,13.67,餐饮
20210101020,2024-03-26 12:19:00,23.63,餐饮
20210101020,2024-03-27 17:30:00,4.84,超市
20210101020,2024-03-27 17:57:00,16.66,餐饮
20210101020,2024-03-28 08:54:00,36.48,超市
20210101020,2024-03-28 11:24:00,21.98,餐饮
20210101020,2024-03-29 17:23:00,23.03,餐饮
20210101020,2024-03-29 07:40:00,3.07,超市
20210101020,2024-03-29 12:25:00,7.22,餐饮
20210101020,2024-03-30 12:46:00,9.16,其他
20210101020,2024-03-30 07:19:00,21.46,餐饮
20210101021,2024-03-01 18:15:00,8.55,其他
20210101021,2024-03-02 08:46:00,2.96,其他
20210101021,2024-03-03 18:15:00,8.25,餐饮
20210101021,2024-03-03 07:46:00,18.81,超市
20210101021,2024-03-03 08:00:00,11.49,其他
20210101021,2024-03-04 12:55:00,16.27,餐饮
20210101021,2024-03-04 08:36:00,17.76,餐饮
20210101021,2024-03-05 11:52:00,16.37,餐饮
20210101021,2024-03-06 07:07:00,25.0,餐饮
20210101021,2024-03-06 07:31:00,12.85,其他
20210101021,2024-03-07 12:56:00,10.03,其他
20210101021,2024-03-08 07:24:00,17.82,餐饮
20210101021,2024-03-09 07:49:00,31.21,超市
20210101021,2024-03-10 18:43:00,2.38,其他
20210101021,2024-03-10 08:41:00,24.0,餐饮
20210101021,2024-03-11 18:45:00,23.75,餐饮
20210101021,2024-03-11 18:36:00,10.29,其他
20210101021,2024-03-12 18:05:00,19.5,超市
20210101021,2024-03-12 08:03:00,24.8,餐饮
20210101021,2024-03-12 12:30:00,9.71,餐饮
20210101021,2024-03-13 11:43:00,15.3,餐饮
20210101021,2024-03-14 08:47:00,24.19,餐饮
20210101021,2024-03-14 07:12:00,23.17,餐饮
20210101021,2024-03-14 07:57:00,10.54,其他
20210101021,2024-03-15 07:42:00,14.58,其他
20210101021,2024-03-16 08:08:00,8.14,超市
20210101021,2024-03-17 18:22:00,36.0,超市
20210101021,2024-03-18 18:57:00,8.6,餐饮
20210101021,2024-03-19 07:50:00,7.4,其他
20210101021,2024-03-19 17:48:00,21.07,餐饮
20210101021,2024-03-20 12:27:00,36.63,超市
20210101021,2024-03-21 07:40:00,10.88,其他
20210101021,2024-03-21 18:10:00,14.92,其他
20210101021,2024-03-21 12:39:00,14.74,餐饮
20210101021,2024-03-22 17:03:00,13.37,餐饮
20210101021,2024-03-23 18:01:00,36.0,超市
20210101021,2024-03-24 11:26:00,15.67,餐饮
20210101021,2024-03-24 11:58:00,8.56,餐饮
20210101021,2024-03-25 11:33:00,19.56,餐饮
20210101021,2024-03-25 11:57:00,15.54,餐饮
20210101021,2024-03-26 07:50:00,17.59,餐饮
20210101021,2024-03-26 17:59:00,27.9,超市
20210101021,2024-03-27 18:45:00,12.88,餐饮
20210101021,2024-03-27 12:06:00,20.01,餐饮
20210101021,2024-03-28 07:03:00,12.08,餐饮
20210101021,2024-03-29 08:06:00,13.6,餐饮
20210101021,2024-03-30 17:57:00,8.31,其他
20210101021,2024-03-30 08:00:00,11.24,其他
20210101021,2024-03-30 11:17:00,21.09,餐饮
20210101022,2024-03-01 12:52:00,21.96,餐饮
20210101022,2024-03-01 07:47:00,27.38,超市
20210101022,2024-03-02 18:43:00,6.87,餐饮
20210101022,2024-03-03 08:12:00,17.84,餐饮
20210101022,2024-03-04 12:24:00,8.28,其他
20210101022,2024-03-04 11:51:00,16.7,超市
20210101022,2024-03-04 17:23:00,9.9,餐饮
20210101022,2024-03-05 11:24:00,15.84,餐饮
20210101022,2024-03-05 17:19:00,24.12,超市
20210101022,2024-03-05 17:41:00,11.25,餐饮
20210101022,2024-03-06 08:32:00,9.58,餐饮
20210101022,2024-03-06 07:00:00,21.92,餐饮
20210101022,2024-03-07 07:47:00,18.85,餐饮
20210101022,2024-03-07 08:12:00,25.4,超市
20210101022,2024-03-07 11:37:00,24.82,超市
20210101022,2024-03-08 12:41:00,19.68,超市
20210101022,2024-03-08 18:14:00,24.1,餐饮
20210101022,2024-03-08 17:51:00,28.22,超市
20210101022,2024-03-09 07:34:00,18.18,餐饮
20210101022,2024-03-10 08:02:00,6.6,餐饮
20210101022,2024-03-11 11:36:00,7.89,其他
20210101022,2024-03-12 18:58:00,16.27,餐饮
20210101022,2024-03-12 08:38:00,27.8,超市
20210101022,2024-03-12 17:12:00,12.75,超市
20210101022,2024-03-13 08:45:00,23.62,餐饮
20210101022,2024-03-13 08:00:00,18.92,餐饮
20210101022,2024-03-13 07:59:00,12.66,餐饮
20210101022,2024-03-14 07:55:00,23.94,超市
20210101022,2024-03-15 07:31:00,10.95,餐饮
20210101022,2024-03-15 07:05:00,11.87,餐饮
20210101022,2024-03-15 12:58:00,13.18,餐饮
20210101022,2024-03-16 17:41:00,9.72,超市
20210101022,2024-03-16 12:14:00,18.34,超市
20210101022,2024-03-16 11:30:00,30.91,超市
20210101022,2024-03-17 17:37:00,19.62,餐饮
20210101022,2024-03-17 18:36:00,7.19,其他
20210101022,2024-03-18 18:21:00,9.3,餐饮
20210101022,2024-03-18 18:47:00,2.48,其他
20210101022,2024-03-18 08:56:00,21.62,餐饮
20210101022,2024-03-19 17:28:00,7.15,超市
20210101022,2024-03-19 17:34:00,13.92,餐饮
20210101022,2024-03-19 12:52:00,14.73,其他
20210101022,2024-03-20 12:23:00,22.76,餐饮
20210101022,2024-03-20 18:02:00,22.56,餐饮
20210101022,2024-03-20 07:10:00,19.41,餐饮
20210101022,2024-03-21 18:56:00,32.63,超市
20210101022,2024-03-21 17:15:00,7.12,超市
20210101022,2024-03-21 18:51:00,11.27,其他
20210101022,2024-03-22 17:33:00,5.27,超市
20210101022,2024-03-22 07:29:00,26.77,超市
20210101022,2024-03-23 17:28:00,19.17,餐饮
20210101022,2024-03-24 18:21:00,23.59,餐饮
20210101022,2024-03-25 08:30:00,8.85,超市
20210101022,2024-03-25 18:41:00,9.39,其他
20210101022,2024-03-25 17:02:00,13.15,其他
20210101022,2024-03-26 11:16:00,21.47,餐饮
20210101022,2024-03-26 11:22:00,12.64,餐饮
20210101022,2024-03-27 07:23:00,6.62,超市
20210101022,2024-03-27 07:41:00,13.14,餐饮
20210101022,2024-03-28 18:33:00,12.91,超市
20210101022,2024-03-28 11:48:00,6.35,餐饮
20210101022,2024-03-28 17:32:00,11.3,餐饮
20210101022,2024-03-29 18:07:00,14.96,餐饮
20210101022,2024-03-30 17:51:00,23.57,餐饮
